{
  "training_timestamp": "2026-02-10 15:48:21",
  "training_duration_seconds": 422.1,
  "pipeline_version": "3.0 (ensemble + visualizations)",
  "dataset": {
    "normal_total": 20000,
    "attack_total": 8000,
    "normal_train": 14000,
    "normal_val": 3000,
    "normal_test": 3000,
    "attack_val": 1200,
    "attack_test": 1200
  },
  "features": {
    "all": [
      "packet_rate",
      "unique_ports",
      "avg_packet_size",
      "duration",
      "protocol_flag",
      "connection_count",
      "bytes_per_second",
      "port_scan_ratio",
      "size_rate_ratio",
      "conn_rate",
      "burst_intensity",
      "traffic_efficiency",
      "port_diversity",
      "connection_density",
      "size_deviation",
      "duration_efficiency",
      "rate_concentration"
    ],
    "raw": [
      "packet_rate",
      "unique_ports",
      "avg_packet_size",
      "duration",
      "protocol_flag",
      "connection_count"
    ],
    "derived": [
      "bytes_per_second",
      "port_scan_ratio",
      "size_rate_ratio",
      "conn_rate",
      "burst_intensity",
      "traffic_efficiency",
      "port_diversity",
      "connection_density",
      "size_deviation",
      "duration_efficiency",
      "rate_concentration"
    ],
    "count": 17
  },
  "scaler": {
    "means": [
      248.16869285714188,
      3.8946428571428573,
      711.0188142857127,
      29.830449999999924,
      0.5040714285714286,
      8.777571428571429,
      209579.3995857137,
      0.6602514000000006,
      7.7851732857143405,
      1.1399543928571425,
      6.410206172701845,
      225.20698405714117,
      1.6750523357142504,
      0.08306582142857145,
      401.47877142857226,
      19507.838978571497,
      115.98820889285713
    ],
    "stds": [
      322.96650302956914,
      3.915204776748998,
      433.24181236054807,
      37.86563684281262,
      0.6435264412688578,
      14.059936388365353,
      300812.9361879412,
      1.6845513015881566,
      11.282753153312452,
      2.7442703074680446,
      1.8201906220152402,
      295.99771064064663,
      1.4041861434532183,
      0.11900180721183393,
      257.1415028915944,
      64158.8262151173,
      190.9669320746986
    ]
  },
  "best_hyperparameters": {
    "n_estimators": 100,
    "contamination": 0.02,
    "max_features": 0.6,
    "max_samples": 0.85
  },
  "hyperparameter_search": {
    "total_combinations": 320,
    "top_5": [
      {
        "n_estimators": 100,
        "contamination": 0.02,
        "max_features": 0.6,
        "max_samples": "0.85",
        "f1": 0.9316,
        "recall": 0.9075,
        "fpr": 0.0163
      },
      {
        "n_estimators": 100,
        "contamination": 0.03,
        "max_features": 0.6,
        "max_samples": "0.75",
        "f1": 0.9308,
        "recall": 0.9242,
        "fpr": 0.0247
      },
      {
        "n_estimators": 100,
        "contamination": 0.025,
        "max_features": 0.6,
        "max_samples": "0.85",
        "f1": 0.9292,
        "recall": 0.9183,
        "fpr": 0.0233
      },
      {
        "n_estimators": 300,
        "contamination": 0.025,
        "max_features": 0.6,
        "max_samples": "0.75",
        "f1": 0.9291,
        "recall": 0.9125,
        "fpr": 0.0207
      },
      {
        "n_estimators": 200,
        "contamination": 0.025,
        "max_features": 0.85,
        "max_samples": "0.85",
        "f1": 0.9289,
        "recall": 0.915,
        "fpr": 0.022
      }
    ]
  },
  "cross_validation": {
    "avg_fp_rate": 0.0219,
    "std_fp_rate": 0.0042,
    "fold_fp_rates": [
      0.0229,
      0.015,
      0.0218,
      0.0282,
      0.0214
    ]
  },
  "model_metrics": {
    "isolation_forest": {
      "model": "Isolation Forest (tuned)",
      "precision": 0.9442,
      "recall": 0.9017,
      "f1_score": 0.9224,
      "roc_auc": 0.9833,
      "normal_accuracy": 0.9787,
      "attack_detection_rate": 0.9017,
      "false_positive_rate": 0.0213,
      "confusion_matrix": [
        [
          2936,
          64
        ],
        [
          118,
          1082
        ]
      ],
      "per_attack_type": {
        "brute_force": {
          "detected": 63,
          "total": 115,
          "rate": 0.5478
        },
        "dns_amplification": {
          "detected": 135,
          "total": 135,
          "rate": 1.0
        },
        "http_flood": {
          "detected": 115,
          "total": 128,
          "rate": 0.8984
        },
        "icmp_flood": {
          "detected": 97,
          "total": 97,
          "rate": 1.0
        },
        "port_scan": {
          "detected": 127,
          "total": 127,
          "rate": 1.0
        },
        "protocol_anomaly": {
          "detected": 104,
          "total": 117,
          "rate": 0.8889
        },
        "slowloris": {
          "detected": 102,
          "total": 105,
          "rate": 0.9714
        },
        "stealth_probe": {
          "detected": 103,
          "total": 140,
          "rate": 0.7357
        },
        "syn_flood": {
          "detected": 125,
          "total": 125,
          "rate": 1.0
        },
        "udp_flood": {
          "detected": 111,
          "total": 111,
          "rate": 1.0
        }
      }
    },
    "one_class_svm": {
      "model": "One-Class SVM",
      "precision": 0.8807,
      "recall": 0.9475,
      "f1_score": 0.9129,
      "roc_auc": 0.9859,
      "normal_accuracy": 0.9487,
      "attack_detection_rate": 0.9475,
      "false_positive_rate": 0.0513,
      "confusion_matrix": [
        [
          2846,
          154
        ],
        [
          63,
          1137
        ]
      ]
    },
    "local_outlier_factor": {
      "model": "Local Outlier Factor",
      "precision": 0.9437,
      "recall": 0.9217,
      "f1_score": 0.9325,
      "roc_auc": 0.9839,
      "normal_accuracy": 0.978,
      "attack_detection_rate": 0.9217,
      "false_positive_rate": 0.022,
      "confusion_matrix": [
        [
          2934,
          66
        ],
        [
          94,
          1106
        ]
      ]
    },
    "ensemble": {
      "model": "Ensemble (IF+LOF)",
      "precision": 0.903,
      "recall": 0.9467,
      "f1_score": 0.9243,
      "roc_auc": 0.9833,
      "normal_accuracy": 0.9593,
      "attack_detection_rate": 0.9467,
      "false_positive_rate": 0.0407,
      "confusion_matrix": [
        [
          2878,
          122
        ],
        [
          64,
          1136
        ]
      ],
      "per_attack_type": {
        "brute_force": {
          "detected": 85,
          "total": 115,
          "rate": 0.7391
        },
        "dns_amplification": {
          "detected": 135,
          "total": 135,
          "rate": 1.0
        },
        "http_flood": {
          "detected": 116,
          "total": 128,
          "rate": 0.9062
        },
        "icmp_flood": {
          "detected": 97,
          "total": 97,
          "rate": 1.0
        },
        "port_scan": {
          "detected": 127,
          "total": 127,
          "rate": 1.0
        },
        "protocol_anomaly": {
          "detected": 117,
          "total": 117,
          "rate": 1.0
        },
        "slowloris": {
          "detected": 104,
          "total": 105,
          "rate": 0.9905
        },
        "stealth_probe": {
          "detected": 119,
          "total": 140,
          "rate": 0.85
        },
        "syn_flood": {
          "detected": 125,
          "total": 125,
          "rate": 1.0
        },
        "udp_flood": {
          "detected": 111,
          "total": 111,
          "rate": 1.0
        }
      }
    }
  },
  "learning_curve": [
    {
      "fraction": 0.1,
      "n_samples": 1400,
      "train_accuracy": 0.98,
      "train_fpr": 0.02,
      "val_f1": 0.9115,
      "val_fpr": 0.014,
      "val_recall": 0.8667,
      "val_precision": 0.9612,
      "val_accuracy": 0.986,
      "test_f1": 0.9024,
      "test_fpr": 0.0197,
      "test_recall": 0.8625,